X1531117,Marc Knowles,Patrick Knowles,239-663-0109U5049739,Abby Jones,Brian Jones,239-564-6886B5631344,Roberta Jeffries,Retha Jeffries,239-625-0863N7271002,Josie Hanson,Rebecca Hanson,239-638-8315O2590715,Louie Pollard,Abby Pollard,239-410-8411T2094161,Scott Webster,Nathan Webster,239-638-9777H4421781,David Davis,Ian Davis,239-451-3088L4408509,Elise Hope,Georgina Hope,239-609-3121J8470845,Louis Griffiths,Nathan Griffiths,239-585-4254M8812377,Gabriel Smith,Joe Smith,239-679-9433B7166026,Willis Wilkinson,Scott Wilkinson,239-598-1123O7347885,Hayden Humphries,Louis Humphries,239-688-3162K8869502,Cameron Vasquez,Sylvia Vasquez,239-482-7826E5786783,Katherine Metcalfe,Harvey Metcalfe,239-600-7631S6498468,Mabel Torres,David Torres,239-514-8114K6798975,Ryan Archambault,Jeannine Archambault,239-664-6541L4062602,Beverly Martin,Amanda Martin,239-419-9611Q6707467,Fernando Sanderson,Leah Sanderson,239-506-0361K6447688,Chelsea Woodley,Kevin Woodley,239-639-7198V4555419,Ellis Foster,Morgan Foster,239-588-1978P6886212,Catherine Burke,Riley Burke,239-443-7163C1473502,Gus Triche,Todd Triche,239-403-9237O5616466,Hollie Curtis,Charlotte Curtis,239-525-0406E2510068,Corey Mitchell,Harriet Mitchell,239-655-4068V3210922,Walter Brooks,Sheila Brooks,239-567-4563M4484483,Peter Hart,Alan Hart,239-561-1562Q6162954,Carol Mullins,Gregory Mullins,239-512-1224V8865356,Robert Franks,Matthew Franks,239-610-5299Z7033292,Juanita Thorpe,Katherine Thorpe,239-441-1980S1082436,Virginia Bryson,Tony Bryson,239-547-1202W7940835,Louis Kim,Kathryn Kim,239-639-2960I7623255,Tia House,Herminia House,239-404-2089C5212139,Harrison Merritt,Manuel Merritt,239-411-8088B5338831,Elizabeth Bray,Annie Bray,239-616-0175Y7307039,Thurman Bellanger,Amanda Bellanger,239-694-6756D4707477,Steve Woods,Tom Woods,239-474-2851P6634307,Ralph Rodriguez,Rebecca Rodriguez,239-554-9953N5025662,Patricia Webb,Amelie Webb,239-497-6196L7806403,Peter Dennis,Morgan Dennis,239-683-5972P1931023,Peter Hawkins,Jodie Hawkins,239-492-0559Q8760955,Samuel Browne,Ethan Browne,239-477-5630P5945873,Breanna Meeker,Penny Meeker,239-581-7095A7833663,Raul Whitehead,Ellie Whitehead,239-480-3721L2810179,Donna Tilly,Ann Tilly,239-611-9808Z8178555,Maisie Rowe,Joel Rowe,239-534-1079M5437261,Rhys Ayers,James Ayers,239-595-1836J8385270,Madison Griffin,Isaac Griffin,239-576-6349F5117890,Jack Brown,Rachelle Brown,239-554-0690N4826235,Frank Read,Dominic Read,239-452-8549T5990698,Catherine Hall,Minerva Hall,239-567-9899W4166698,Nathan Cole,Mohammed Cole,239-493-9020J5240447,Ashlee Anderson,Tera Anderson,239-496-5712K2718151,Charlie Parkin,Joshua Parkin,239-571-9136P4699924,John Begum,Aidan Begum,239-618-9426C1212188,Barbara Lamb,Eva Lamb,239-451-9780U2465864,Timothy Modlin,Anthony Modlin,239-439-3700H8461787,Scott Macdonald,Maya Macdonald,239-531-7340D8362912,Vivian Page,Zara Page,239-615-7356D3067299,Harrison Warner,Abby Warner,239-401-5351K2091889,James Ingram,Declan Ingram,239-572-9320Q3068173,Erin Greer,Carol Greer,239-514-4910R3904282,Patrick Hunter,Leo Hunter,239-692-4663A4256176,Penny Gallagher,Louie Gallagher,239-628-7762O3819642,Verona Texeira,Michelle Texeira,239-526-2998P3449862,Sarah Hebert,Donna Hebert,239-608-4838Z5970229,Joshua Ward,Caitlin Ward,239-623-4518X7088218,Chris James,Hope James,239-600-5850Z7921786,Michelle Overton,Jessica Overton,239-515-1143T5529297,Patricia Godfrey,Maisie Godfrey,239-421-0715Q6717156,Henry Slater,Harrison Slater,239-635-8174J4416384,Janette Ashley,Miyoko Ashley,239-607-1703M7420642,Charles Carr,Calvin Carr,239-498-6345S8159450,Kate Chapman,Carl Chapman,239-569-1622D1982824,Maya Wheeler,Molly Wheeler,239-439-1776E6700943,Lilian Stewart,Lara Stewart,239-462-2505Y6525066,Matthew Whetstone,Mark Whetstone,239-403-2701V2408807,Kyle Ferrell,Leann Ferrell,239-685-9964I5221084,George Cook,Maxine Cook,239-638-8854U7596139,Brenda Brown,Yolanda Brown,239-608-9743N1876559,Gertrude Buckley,Katherine Buckley,239-438-8514L4536690,Don Allen,Roland Allen,239-506-8753M7259582,Ida Lynch,Declan Lynch,239-402-8763X6285682,Jonathan White,Hilda White,239-587-0578F7849493,Lewis Stone,Aaron Stone,239-678-7890B7650940,Jasmine Cross,Scott Cross,239-621-8189M3451266,Andre Wallace,Brandon Wallace,239-690-6711J3683631,Shyla Cave,Jeffrey Cave,239-469-7942B8842528,Louise Knight,Victoria Knight,239-453-5529T2290868,Lori Pugh,Anthony Pugh,239-658-0419P6612303,Benjamin Parkes,Finlay Parkes,239-471-3293A2382370,Katherine Collazo,Bobby Collazo,239-678-1202U5218298,Mason Jones,Pablo Jones,239-472-5330O8991665,Toby Harris,Kenneth Harris,239-463-7956I1991353,Laura Taylor,Luis Taylor,239-658-5316S6520650,Ella Ali,Kiera Ali,239-598-8328J5545772,Ellie Curry,Nora Curry,239-672-2794H5069652,Dennis Nisbet,Neva Nisbet,239-581-9834I6664155,Ken Moran,William Moran,239-551-0530L1251069,Rachel Rogers,Matilda Rogers,239-539-0290K2392394,Lucy Franklin,Luke Franklin,239-654-6901B6772582,Zara Ross,Angela Ross,239-538-5057O7357075,Mohammed Kimball,Henry Kimball,239-446-1993N1533809,Joel Horton,Isabella Horton,239-504-9598R5494940,Carolyn Dawson,Reece Dawson,239-407-6679F3190586,Allison Lutz,Erwin Lutz,239-537-0121G5870748,Dylan Grady,Gary Grady,239-567-2103Y3060491,Robert Russell,Arthur Russell,239-462-5732Z7652271,Victoria Bell,Andrew Bell,239-574-6438U4383524,Charity Bradshaw,Riley Bradshaw,239-506-0957F4366743,Richard King,Virginia King,239-671-5475T8478486,Taylor Medina,Jonathan Medina,239-613-4952X5288148,Madeleine Chapman,Daisy Chapman,239-664-6063D4538959,Shawanda Sanchez,Hazel Sanchez,239-674-4238K4549307,Charles Johnston,Dominic Johnston,239-552-1882X3135980,Jude Chapman,Scott Chapman,239-643-3953U3466270,Thomas Franklin,Archie Franklin,239-647-8779N1024148,Cheri Fry,Faith Fry,239-594-4945N5460541,Walter Hyde,Callum Hyde,239-464-8247W1650681,Harry Wells,Melinda Wells,239-453-0660K6885436,Giovanna Griffin,Lucy Griffin,239-552-5365Q6260757,Jack Phillips,Nicole Phillips,239-536-1540U6708070,Mathew Smith,Wilma Smith,239-482-8214Q3412969,Frank Baker,Cassandra Baker,239-625-0695R5399824,Reece Pollard,Mia Pollard,239-599-9496K5659987,Kenneth Runyon,Melissa Runyon,239-441-3530L1714109,Don Faulkner,Hannah Faulkner,239-575-5375J6107962,Natasha Morgan,Mia Morgan,239-623-8642L3427551,Edward Oakes,John Oakes,239-674-9717X3853383,Molly Godfrey,Oscar Godfrey,239-478-2258F3120175,Sue Gray,Maddison Gray,239-462-8932W7136673,Alvin Brady,Tyler Brady,239-629-6618Z2191812,Madison Tyler,Cameron Tyler,239-616-7315E6126314,Phyllis Howard,Joseph Howard,239-560-7277W4506693,Virginia Butler,Jennifer Butler,239-486-2569W1827889,Patricia Hodge,Melanie Hodge,239-624-3994H8280488,Kathleen Jennings,Matt Jennings,239-449-3751N1251591,Leona Hobbs,Mollie Hobbs,239-653-4672O6801689,Freya O'Brien,Tegan O'Brien,239-438-6078G7583052,Georgina Hudson,Alex Hudson,239-624-0189L6979205,Teresa Powell,Maura Powell,239-511-1982N4873243,Sophia Wells,Stacey Wells,239-410-1553D8743652,Madeline Freed,Cheryl Freed,239-589-1493F6878580,Amelie Fowler,Thomas Fowler,239-475-8045Y3849690,Evan Baker,Scarlett Baker,239-436-2143U2173586,Tonia Costantino,Robert Costantino,239-441-3375O5018952,Curtis Birch,Kyle Birch,239-470-8350G6852057,William Fleming,Danielle Fleming,239-684-0922E7697051,Callum Kennedy,John Kennedy,239-635-8321B5047179,Harvey Burton,Steven Burton,239-535-6597U6520419,Donald Charlton,William Charlton,239-437-1582R7551262,Tracy Campbell,Daisy Campbell,239-540-0038L4367763,Leo Messina,Steven Messina,239-423-4489X3710696,Isabel Mahmood,Ruby Mahmood,239-519-9797T7993031,Chantel Mitchell,Lara Mitchell,239-465-0733Q2130943,Charles Riddle,Kathy Riddle,239-623-3985C6784419,Carl Dyer,Chelsea Dyer,239-612-9679O6667569,Zachery Pritchett,Glenn Pritchett,239-692-2460M3404707,Nathan Marty,Manuel Marty,239-598-8979H7423385,Sofia Dickinson,Kyle Dickinson,239-587-9396Y3126041,Lara Pratt,Zoe Pratt,239-470-4718O7600148,Jacob Nicholson,Geneva Nicholson,239-413-4264F4015083,Philip Ryan,Barbara Ryan,239-517-6015S1562658,Jane Williams,Fausto Williams,239-438-8385L1885539,Bernice Valdovinos,Linda Valdovinos,239-574-1541D5006771,David Towles,Michael Towles,239-603-8584V7237891,James Dunham,Jean Dunham,239-663-2379R8892092,Charles Hargreaves,Archie Hargreaves,239-623-5292M5704612,Eleanor Krantz,Jeannine Krantz,239-608-9608R3477142,Aimee Norris,Alice Norris,239-453-4809O8792732,Merry Gallagher,Sarah Gallagher,239-599-1833P4663293,Libby Gibson,Archie Gibson,239-420-1590J2962066,Rosie Richards,Morgan Richards,239-463-6362B7949057,Summer Mosley,Michael Mosley,239-488-3326V1502844,Adam Poling,Kristen Poling,239-547-5987U6989471,Scott Grant,Hannah Grant,239-499-8505S1582524,Eva Lindsley,Kimberly Lindsley,239-529-6702F1817307,Darrin Jackson,Sean Jackson,239-618-4337O5545878,Aimee Major,Courtney Major,239-535-5779B7981639,Jayden Humphreys,Rebecca Humphreys,239-517-1375Q1688123,Robert Raper,Alex Raper,239-505-7286H3669397,Todd Norman,Rosie Norman,239-572-7362P5509426,Christine Giles,Laura Giles,239-657-1413Y6059623,Kimberly Cummins,Jeannette Cummins,239-529-1775H1063388,Tyler Carter,Edmund Carter,239-444-3511K8997400,Zara Munoz,Harold Munoz,239-473-8498Z8025306,Tia Neal,Christina Neal,239-504-2112Z7415174,Ernest Naylor,Lucy Naylor,239-657-3190D4834572,Ewan Clayton,Joel Clayton,239-466-0958Z2688209,Owen Rowley,Olivia Rowley,239-403-1092U8432174,Leslie Smith,Vicky Smith,239-545-2587P3676155,Denise Oliver,Lewis Oliver,239-588-2029B7536654,Chloe Bennett,Wendy Bennett,239-416-5356H3545106,Yasmin Franklin,Emily Franklin,239-414-4954F8264170,Letitia Harding,Ben Harding,239-627-0414F3095736,Patricia Reed,Poppy Reed,239-642-3249I4562929,Niamh Hopkins,Jennifer Hopkins,239-669-9890Q2903640,Hayden Cureton,Gene Cureton,239-641-9146Q2526313,Gene Gray,Elizabeth Gray,239-617-4894X8135561,Anthony Pickering,Caitlin Pickering,239-578-9498C6208525,Elizabeth Brown,Hershel Brown,239-695-3955